Nome,Status,URL
Stumptown,Em andamento,https://www.stumptowncoffee.com/blogs/news
Verve,Em andamento,https://www.vervecoffee.com/blogs/the-verve-blog?srsltid=AfmBOoo3gILe5pGq-ua8XCr_P345vhlJVDkMCEVZTkclkpIKUpbsfGzb
Bluebird,Não tem blog,
DAK,Em andamento,https://www.dakcoffeeroasters.com/blog
NOMAD,Em andamento,https://nomadcoffee.es/en/blogs/news
Sweerl,Em andamento,https://swerl.se/blogs/brewing-guides
KOPPI,Em andamento,https://koppi.se/pages/brew-guides
Tim Wendelboe,Em andamento,https://timwendelboe.no/blogs/tim-wendelboes-coffee-podcast
Perk,Em andamento,https://perkcoffee.co/sg/blog/
Cat and Cloud,Não tem blog,https://catandcloud.com/blogs/cat-cloud-blog
Intelligentsia,Em andamento,https://www.intelligentsia.com/pages/stories
Blue Bottle,Em andamento,https://blog.bluebottlecoffee.com/
Lost Socks,Não tem blog,
Bonanza,Em andamento,https://bonanzacoffee.de/blogs/news
Right Side,Em andamento,https://www.rightsidecoffee.com/en/blogs/blog-de-right-side-coffee?page=5&srsltid=AfmBOop3H2kLQMDYyIOnlaY7KmI9a1dDyvl5wK6jY_wmXPjt4fRES9UG
Onyx,Em andamento,https://onyxcoffeelab.com/pages/help-me-brew
Steady state,Em andamento,https://www.steadystateroasting.com/blogs/news
Heart,Não tem blog,
Metric,Em andamento,https://metriccoffee.com/blogs/news
Sweet Bloom,Em andamento,https://sweetbloomcoffee.com/pages/producers
La Cabra,Em andamento,https://lacabra.com/pages/brewing
Coffee Collective,Em andamento,https://coffeecollective.dk/blogs/stories
Drop,Em andamento,https://www.dropcoffee.com/blogs/news
Morgon,Em andamento,http://morgoncoffeeroasters.com/blogs/news
April,Em andamento,https://www.aprilcoffeeroasters.com/blogs/april-articles
Prolog,Em andamento,https://www.prologcoffee.com/blogs/news
Sey,Em andamento,https://www.seycoffee.com/blogs/news
Black and White,Em andamento,https://www.blackwhiteroasters.com/pages/newsletter-notes
Bird Rock,Em andamento,https://www.birdrockcoffee.com/blogs/brcrblog
Detour,Em andamento,https://detourcoffee.com/blogs/news
Pilot,Não tem blog,
Monogram,Em andamento,https://monogramcoffee.com/en-us/blogs/news
Tandem,Em andamento,https://www.tandemcoffee.com/blogs/the-good-thing-archive
Desnudo,Em andamento,https://desnudocoffee.com/blogs/the-dark-room-project
Chromatic,Em andamento,https://www.chromaticcoffee.com/blogs/news
Dune,Em andamento,https://www.dunecoffee.com/blogs/news
Prodigal,Em andamento,https://www.scottrao.com/blog
Aviary,Em andamento,https://christopherferan.com/christopher-feran/blog/
Market Lane,Não iniciada,https://marketlane.com.au/blogs/journal?srsltid=AfmBOoqR7-NYLeHfpleHFNxvKRn4it3wn4n1DjIg5VPKK7yUb02xQ8gx